username,first_name,last_name,gender,dediae.mvp,dediae.normale,like
sdilland0,Sergio,Dilland,Male,yes,,
mkilbane1,Melisandra,Kilbane,Female,,yes,cat
ralman2,Ranique,Alman,Female,,,
sfullager3,Selig,Fullager,Male,,,
dcallow4,Dominick,Callow,Male,yes,yes,
ghabershaw5,Grannie,Habershaw,Male,,yes,
eeginton6,Elbertine,Eginton,Female,,,dog
netty7,Nonah,Etty,Genderqueer,,,
mhutchins8,Merry,Hutchins,Male,,yes,
msiddall9,Mason,Siddall,Male,,,
esienea,Evanne,Siene,Female,,,
kcrofthwaiteb,Krispin,Crofthwaite,Male,yes,,
ocrowdsonc,Ole,Crowdson,Male,,,
kdukelowd,Kerrin,Dukelow,Female,yes,,
bszwarce,Bibbye,Szwarc,Female,,yes,
ctimnyf,Callie,Timny,Female,,,
bdeniscog,Bary,De Nisco,Male,,,
cberesfordh,Cal,Beresford,Female,,,
tdanbii,Thorndike,Danbi,Male,,,
cbarnwillej,Constanta,Barnwille,Female,,,
lcurrerk,Lorena,Currer,Female,,,
ggariel,Gates,Garie,Female,,,
msturgeonm,Maje,Sturgeon,Male,,,
adosdilln,Archaimbaud,Dosdill,Genderfluid,,,
cdobbso,Clara,Dobbs,Female,,,
lrentoulp,Lilla,Rentoul,Genderqueer,,,
msortonq,Merrill,Sorton,Female,yes,,
tmorphetr,Tracy,Morphet,Male,,,
rgatherers,Riva,Gatherer,Female,,,
welixt,Winni,Elix,Female,,,
abenezeu,Ambros,Beneze,Male,yes,,
cyearnsv,Culver,Yearns,Male,,,
rlanyonw,Rex,Lanyon,Male,,,
cmollinx,Candace,Mollin,Female,,,
rizeny,Randell,Izen,Male,,,
ehousbeyz,Ermengarde,Housbey,Agender,,,
mgerrad10,Marlo,Gerrad,Male,,,
knoen11,Kendal,Noen,Non-binary,yes,,
ereiners12,Elisabetta,Reiners,Female,,,
lroof13,Louisa,Roof,Female,,,
rmacdaid14,Riva,MacDaid,Female,,,
cokenden15,Cary,Okenden,Male,,,
kdearell16,Kori,Dearell,Female,,,
jkynder17,Joelie,Kynder,Female,,,
jocoskerry18,Jobey,O'Coskerry,Female,,,
aterris19,Alvira,Terris,Female,,,
bcoxwell1a,Benton,Coxwell,Male,,,
sslinger1b,Sylvester,Slinger,Male,,,
nbeincken1c,Nedi,Beincken,Female,,,
psandyfirth1d,Pier,Sandyfirth,Female,,,
fdibben1e,Farris,Dibben,Male,,,
nrissom1f,Nevin,Rissom,Male,,,
efeatherstonhalgh1g,Ethel,Featherstonhalgh,Female,,,
itrevarthen1h,Issiah,Trevarthen,Male,,,
ephare1i,Edvard,Phare,Male,,,
anussii1j,Anna-diane,Nussii,Female,,,
aciubutaro1k,Addie,Ciubutaro,Male,,,
skingswood1l,Sutton,Kingswood,Male,,,
cpagnin1m,Courtenay,Pagnin,Female,,,
gmouse1n,Gwenette,Mouse,Female,,,
jhazlehurst1o,Juliann,Hazlehurst,Female,,,
ftittletross1p,Fayette,Tittletross,Polygender,,,
rwoodward1q,Roana,Woodward,Female,,,
lstow1r,Lorrie,Stow,Male,,,
bellwell1s,Birch,Ellwell,Male,,,
hmedmore1t,Harvey,Medmore,Male,,,
mburkitt1u,Marcus,Burkitt,Male,,,
bparadin1v,Bondon,Paradin,Male,,,
jgoucher1w,Johnathon,Goucher,Male,,,
jyonnie1x,Juieta,Yonnie,Female,,,
kmacmeekan1y,Kelcey,MacMeekan,Female,,,
rclawson1z,Riobard,Clawson,Male,,,
ncerie20,Nevsa,Cerie,Female,,,
mvonhindenburg21,Mead,Von Hindenburg,Male,,,
lheinemann22,Linzy,Heinemann,Female,,,
fmurden23,Filmer,Murden,Male,,,
bgeorgeon24,Bruce,Georgeon,Male,,,
inovak25,Idette,Novak,Agender,,,
mgiovannacci26,Marjie,Giovannacci,Female,,,
rmenat27,Robbie,Menat,Male,,,
ndaspar28,Novelia,Daspar,Female,,,
aknowlton29,Adena,Knowlton,Agender,,,
akitchin2a,Anders,Kitchin,Male,,,
jkerkham2b,Jacynth,Kerkham,Female,,,
cpeachman2c,Cleavland,Peachman,Male,,,
dtookey2d,Donal,Tookey,Male,,,
jcutmore2e,Jock,Cutmore,Male,,,
jwheildon2f,Jenna,Wheildon,Female,,,
ftsar2g,Faber,Tsar,Male,,,
jjeanet2h,Jemmy,Jeanet,Female,,,
pwhittles2i,Petr,Whittles,Male,,,
psergean2j,Park,Sergean,Male,,,
mpaulley2k,Mordecai,Paulley,Male,,,
inorthey2l,Ingmar,Northey,Male,,,
cironmonger2m,Clim,Ironmonger,Male,,,
delphick2n,Durand,Elphick,Male,,,
lmebes2o,Liesa,Mebes,Female,,,
agipp2p,Aimee,Gipp,Female,,,
ldyers2q,Letitia,Dyers,Non-binary,,,
ntincombe2r,Ninette,Tincombe,Female,,,
pmcgarahan2s,Pate,McGarahan,Male,,,
nmattersey2t,Natty,Mattersey,Male,,,
ajacquemot2u,Aldridge,Jacquemot,Male,,,
erosekilly2v,Elia,Rosekilly,Male,,,
jabela2w,Janka,Abela,Female,,,
wduckinfield2x,Willabella,Duckinfield,Female,,,
bcasella2y,Bo,Casella,Male,,,
gsarge2z,Gordy,Sarge,Male,,,
gpendlington30,Genevieve,Pendlington,Female,,,
wdurtnall31,Wainwright,Durtnall,Male,,,
afulham32,Alika,Fulham,Female,,,
lsherrard33,Lew,Sherrard,Male,,,
avedenichev34,Andrus,Vedenichev,Male,,,
gpaddefield35,Guglielma,Paddefield,Female,,,
gpickhaver36,Georgie,Pickhaver,Male,,,
fleadbeater37,Florida,Leadbeater,Female,,,
psimonel38,Pate,Simonel,Male,,,
rgauntley39,Royal,Gauntley,Male,,,
cstoacley3a,Cly,Stoacley,Male,,,
echurchward3b,Emmit,Churchward,Male,,,
peppson3c,Pamella,Eppson,Non-binary,,,
hkinnock3d,Herculie,Kinnock,Agender,,,
lwhitelaw3e,Lanita,Whitelaw,Female,,,
mdast3f,Merrick,Dast,Male,,,
eredon3g,Eadith,Redon,Female,,,
lwaddilow3h,Lina,Waddilow,Female,,,
zmoffatt3i,Zeke,Moffatt,Male,,,
wthraves3j,Wandie,Thraves,Female,,,
lclougher3k,Lucretia,Clougher,Bigender,,,
yfrude3l,Yank,Frude,Male,,,
ajapp3m,Antonino,Japp,Male,,,
bparmer3n,Beniamino,Parmer,Male,,,
mgodehardsf3o,Mireielle,Godehard.sf,Female,,,
pcasperri3p,Patrizio,Casperri,Male,,,
tabramovic3q,Thayne,Abramovic,Male,,,
dgian3r,Dorree,Gian,Female,,,
ldearell3s,Levy,Dearell,Male,,,
hhunnybun3t,Hershel,Hunnybun,Male,,,
truske3u,Theda,Ruske,Female,,,
abartod3v,Alvinia,Bartod,Female,,,
rshillum3w,Rossy,Shillum,Male,,,
klorence3x,Karole,Lorence,Genderfluid,,,
pcastano3y,Phillie,Castano,Genderfluid,,,
jmayell3z,Joelle,Mayell,Female,,,
kstanfield40,Kiley,Stanfield,Male,,,
npinnocke41,Norry,Pinnocke,Male,,,
koshavlan42,Kendall,O'Shavlan,Male,,,
smcgillecole43,Sloan,McGillecole,Male,,,
aberic44,Antonin,Beric,Male,,,
tchiplen45,Tammie,Chiplen,Male,,,
bettles46,Bailie,Ettles,Male,,,
jquestier47,Jeremy,Questier,Male,,,
xboissier48,Xenos,Boissier,Male,,,
aweekes49,Anna-maria,Weekes,Female,,,
dbubbins4a,Darya,Bubbins,Genderfluid,,,
hcoltman4b,Heidi,Coltman,Female,,,
vwestney4c,Veronike,Westney,Female,,,
spierton4d,Sawyer,Pierton,Male,,,
rdegiorgis4e,Rina,De Giorgis,Female,,,
rgreystoke4f,Raviv,Greystoke,Male,,,
gchessor4g,Georgi,Chessor,Male,,,
kleming4h,Kat,Leming,Female,,,
gstorey4i,Glynnis,Storey,Female,,,
hteek4j,Horton,Teek,Male,,,
emorgue4k,Elonore,Morgue,Non-binary,,,
eglenny4l,Evyn,Glenny,Male,,,
amayoh4m,Aurthur,Mayoh,Male,,,
qklossek4n,Quintilla,Klossek,Polygender,,,
erugge4o,Erl,Rugge,Male,,,
lrayman4p,Lindsy,Rayman,Female,,,
wwhenman4q,Wright,Whenman,Male,,,
athorington4r,Amelia,Thorington,Female,,,
fdevennie4s,Flory,Devennie,Female,,,
mmasseo4t,Marshall,Masseo,Male,,,
namiable4u,Nickolaus,Amiable,Male,,,
hgreally4v,Holly,Greally,Male,,,
zgowrie4w,Zaccaria,Gowrie,Male,,,
oflett4x,Ollie,Flett,Male,,,
btoll4y,Brad,Toll,Male,,,
ifacher4z,Ilise,Facher,Female,,,
jfreschi50,Jobyna,Freschi,Female,,,
vbuckham51,Verene,Buckham,Polygender,,,
jbertelet52,Jesse,Bertelet,Female,,,
mwhereat53,Melisent,Whereat,Female,,,
jwoolens54,Jozef,Woolens,Male,,,
nclilverd55,Nelly,Clilverd,Female,,,
nbodechon56,North,Bodechon,Male,,,
cszymonowicz57,Corinne,Szymonowicz,Female,,,
bstitch58,Baillie,Stitch,Male,,,
sgwynne59,Sterne,Gwynne,Male,,,
rpineaux5a,Ruthann,Pineaux,Female,,,
sdavidek5b,Stacia,Davidek,Female,,,
vmcmeekan5c,Vasily,Mc Meekan,Male,,,
bgascone5d,Barron,Gascone,Agender,,,
jroon5e,Jennica,Roon,Female,,,
rcastlake5f,Robby,Castlake,Female,,,
aminget5g,Aigneis,Minget,Female,,,
aheatherington5h,Alexandr,Heatherington,Male,,,
mburel5i,Marabel,Burel,Female,,,
rhews5j,Reeta,Hews,Female,,,
mebbutt5k,Marylee,Ebbutt,Polygender,,,
ldezuani5l,Lotta,De Zuani,Genderfluid,,,
scroall5m,Stephenie,Croall,Female,,,
sverna5n,Sarena,Verna,Female,,,
jroyall5o,Jenelle,Royall,Female,,,
ahearty5p,Adelaida,Hearty,Female,,,
fdrexel5q,Fredra,Drexel,Non-binary,,,
rdudley5r,Raynell,Dudley,Female,,,
pwrathall5s,Paxton,Wrathall,Male,,,
gkynston5t,Geri,Kynston,Female,,,
bpotteridge5u,Brit,Potteridge,Male,,,
jfurley5v,Jarrod,Furley,Male,,,
djorez5w,Damon,Jorez,Male,,,
pbircher5x,Pris,Bircher,Female,,,
tbottelstone5y,Tiffy,Bottelstone,Female,,,
nticic5z,Nealy,Ticic,Male,,,
thyne60,Trixy,Hyne,Female,,,
mavrahamian61,Mildred,Avrahamian,Female,,,
jcrissil62,Jillana,Crissil,Female,,,
ebraden63,Earle,Braden,Male,,,
obeacham64,Omero,Beacham,Male,,,
civimy65,Cirillo,Ivimy,Male,,,
ggallamore66,Grazia,Gallamore,Female,,,
acluderay67,Abe,Cluderay,Male,,,
dauchterlony68,Drusi,Auchterlony,Female,,,
tcourtese69,Tatiana,Courtese,Female,,,
yhatherley6a,Yankee,Hatherley,Bigender,,,
nogle6b,Nolana,Ogle,Female,,,
pcoulthurst6c,Percy,Coulthurst,Male,,,
vkingett6d,Vania,Kingett,Female,,,
sbarnardo6e,Staffard,Barnardo,Male,,,
pyashaev6f,Pauletta,Yashaev,Female,,,
jbeauman6g,Jesselyn,Beauman,Polygender,,,
bbythell6h,Benny,Bythell,Female,,,
vkenford6i,Vanessa,Kenford,Female,,,
mbusch6j,Melonie,Busch,Female,,,
ighost6k,Idelle,Ghost,Female,,,
naird6l,Nat,Aird,Male,,,
calexandrescu6m,Clevie,Alexandrescu,Male,,,
cbon6n,Christoph,Bon,Bigender,,,
rlimerick6o,Randi,Limerick,Female,,,
dpirson6p,Dawna,Pirson,Female,,,
kmeardon6q,Kathleen,Meardon,Female,,,
bpaumier6r,Bettye,Paumier,Female,,,
mwessel6s,Maddie,Wessel,Female,,,
apinnion6t,Agnese,Pinnion,Female,,,
gwhittier6u,Glenna,Whittier,Female,,,
gkuller6v,Ginger,Kuller,Female,,,
zcisneros6w,Zachery,Cisneros,Agender,,,
gcordes6x,Gayle,Cordes,Male,,,
mfranklin6y,Mohandas,Franklin,Male,,,
mmitchely6z,Magdalena,Mitchely,Female,,,
danand70,Dominik,Anand,Male,,,
fgirodon71,Fae,Girodon,Female,,,
sarnison72,Shelby,Arnison,Male,,,
srigbye73,Shawn,Rigbye,Agender,,,
rmaylott74,Rudolph,Maylott,Male,,,
yvearncomb75,Yehudi,Vearncomb,Male,,,
aubsdell76,Anne,Ubsdell,Female,,,
rmallindine77,Reece,Mallindine,Male,,,
icoxen78,Ingrim,Coxen,Male,,,
khosier79,Kinsley,Hosier,Male,,,
jschall7a,Judy,Schall,Female,,,
tlangran7b,Terrance,Langran,Genderfluid,,,
juff7c,Janey,Uff,Female,,,
pkovelmann7d,Pacorro,Kovelmann,Male,,,
ckeuning7e,Claudius,Keuning,Male,,,
czorzini7f,Carlen,Zorzini,Female,,,
jolphert7g,Jacki,Olphert,Female,,,
komullen7h,Kelley,O Mullen,Female,,,
kberger7i,Katlin,Berger,Female,,,
gminard7j,Geoffry,Minard,Male,,,
csellor7k,Calley,Sellor,Genderfluid,,,
krunnett7l,Kaye,Runnett,Female,,,
bengelbrecht7m,Brynn,Engelbrecht,Female,,,
sbaudesson7n,Sheryl,Baudesson,Female,,,
trusk7o,Tersina,Rusk,Female,,,
amcnea7p,Adrianna,McNea,Female,,,
hsarjeant7q,Henrietta,Sarjeant,Female,,,
gwisham7r,Gregorius,Wisham,Male,,,
dsushams7s,Delinda,Sushams,Female,,,
ashieldon7t,Alameda,Shieldon,Female,,,
mlowres7u,Myrle,Lowres,Female,,,
sklimkovich7v,Stormie,Klimkovich,Female,,,
cgartland7w,Carlin,Gartland,Bigender,,,
dcarletto7x,Dalila,Carletto,Female,,,
tvannucci7y,Tani,Vannucci,Female,,,
dcharke7z,Daron,Charke,Female,,,
vbuchanan80,Vida,Buchanan,Non-binary,,,
jfillis81,Justus,Fillis,Male,,,
aguinery82,Allen,Guinery,Male,,,
cilyenko83,Chad,Ilyenko,Female,,,
efoad84,Elwira,Foad,Female,,,
kmeasom85,Kim,Measom,Male,,,
craysdale86,Cazzie,Raysdale,Genderfluid,,,
gmctrustram87,Giffard,McTrustram,Male,,,
rratke88,Rochell,Ratke,Female,,,
lmasi89,Lorrin,Masi,Female,,,
sclendennen8a,Sherilyn,Clendennen,Genderfluid,,,
sgypps8b,Saxon,Gypps,Male,,,
dfranzolini8c,Derek,Franzolini,Male,,,
swooldridge8d,Sukey,Wooldridge,Female,,,
ebembridge8e,Erie,Bembridge,Male,,,
slooney8f,Starlene,Looney,Female,,,
bliebrecht8g,Bret,Liebrecht,Male,,,
ljobes8h,Lorant,Jobes,Male,,,
dmoffett8i,Deloris,Moffett,Polygender,,,
adoylend8j,Adah,Doylend,Female,,,
wfullicks8k,Wat,Fullicks,Male,,,
fpeverell8l,Felita,Peverell,Female,,,
mgallaway8m,Mick,Gallaway,Male,,,
cdigges8n,Corney,Digges,Male,,,
kminchinden8o,Krystle,Minchinden,Female,,,
kgollop8p,Kamila,Gollop,Female,,,
acoplestone8q,Anett,Coplestone,Female,,,
skulas8r,Sigvard,Kulas,Polygender,,,
oseaward8s,Ozzy,Seaward,Male,,,
ccasbourne8t,Celle,Casbourne,Female,,,
mwellman8u,Melisandra,Wellman,Female,,,
tclover8v,Tim,Clover,Female,,,
fcloney8w,Fanchette,Cloney,Female,,,
aocassidy8x,Andrey,O'Cassidy,Male,,,
whold8y,West,Hold,Male,,,
hblasetti8z,Herb,Blasetti,Male,,,
vpagon90,Vaclav,Pagon,Male,,,
tfynan91,Timothee,Fynan,Male,,,
khansie92,Katharyn,Hansie,Female,,,
ihargess93,Izabel,Hargess,Female,,,
mstigell94,Marcy,Stigell,Female,,,
cbruce95,Constance,Bruce,Female,,,
jkrishtopaittis96,Juline,Krishtopaittis,Female,,,
mailmer97,Marinna,Ailmer,Female,,,
kbarbey98,Kingston,Barbey,Male,,,
etakkos99,Ervin,Takkos,Male,,,
bdowbakin9a,Bill,Dowbakin,Agender,,,
send9b,Sandye,End,Female,,,
mucchino9c,Merilyn,Ucchino,Female,,,
naitchinson9d,Niki,Aitchinson,Female,,,
sneubigin9e,Stevy,Neubigin,Male,,,
cspearett9f,Calypso,Spearett,Non-binary,,,
irobshaw9g,Iggie,Robshaw,Bigender,,,
hmorena9h,Hildegarde,Morena,Female,,,
tjovicic9i,Trevor,Jovicic,Male,,,
creisin9j,Cordy,Reisin,Female,,,
sdeppe9k,Sheilakathryn,Deppe,Female,,,
cbome9l,Chanda,Bome,Female,,,
stillerton9m,Svend,Tillerton,Male,,,
hcraigg9n,Heinrik,Craigg,Male,,,
hwimpeney9o,Homer,Wimpeney,Male,,,
vcoats9p,Venita,Coats,Female,,,
hcassius9q,Hobey,Cassius,Male,,,
hcarnaman9r,Harlene,Carnaman,Female,,,
mredmire9s,Matias,Redmire,Male,,,
wcannings9t,Windy,Cannings,Female,,,
hgrishkov9u,Hart,Grishkov,Male,,,
rfallen9v,Roanne,Fallen,Female,,,
jmarke9w,Jan,Marke,Male,,,
gdaffey9x,Gilbertine,Daffey,Female,,,
mmaccaughan9y,Mack,MacCaughan,Male,,,
sjacobowitz9z,Sarah,Jacobowitz,Female,,,
tsorroa0,Timi,Sorro,Female,,,
gmorstona1,Grier,Morston,Female,,,
srimella2,Sandye,Rimell,Female,,,
pthorsbya3,Pete,Thorsby,Male,,,
bryea4,Barbee,Rye,Female,,,
dracinea5,Dulcea,Racine,Female,,,
dwebermanna6,Davidde,Webermann,Polygender,,,
vvaggersa7,Viviana,Vaggers,Female,,,
jrubinovicia8,Julia,Rubinovici,Female,,,
cmajora9,Claudette,Major,Female,,,
gforseithaa,Gusta,Forseith,Female,,,
cbeneixab,Claus,Beneix,Male,,,
byushkinac,Bernita,Yushkin,Female,,,
sknealead,Stearn,Kneale,Male,,,
bmoormanae,Bride,Moorman,Female,,,
irosinaf,Ignazio,Rosin,Male,,,
glongriggag,Gualterio,Longrigg,Male,,,
dmousleyah,Dickie,Mousley,Male,,,
ehargetai,Ettie,Harget,Agender,,,
zhurichaj,Zandra,Hurich,Female,,,
smalamoreak,Shoshana,Malamore,Female,,,
sruhbenal,Sheila-kathryn,Ruhben,Female,,,
dblasingam,Doug,Blasing,Male,,,
csarrellan,Cordey,Sarrell,Female,,,
nbilbyao,Nata,Bilby,Agender,,,
lwinyardap,Lyda,Winyard,Female,,,
ehansmanaq,Edi,Hansman,Female,,,
aneamesar,Alonso,Neames,Male,,,
abambrughas,Aviva,Bambrugh,Non-binary,,,
bbillanyat,Bentlee,Billany,Male,,,
tpymarau,Tam,Pymar,Bigender,,,
vrenakav,Vidovic,Renak,Male,,,
pbutertonaw,Pammie,Buterton,Female,,,
lhabensax,Lindsey,Habens,Male,,,
jmulveyay,Jud,Mulvey,Male,,,
lspensleyaz,Lia,Spensley,Female,,,
mmilburneb0,Mariette,Milburne,Female,,,
alawlesb1,Ashil,Lawles,Female,,,
jdurramb2,Jill,Durram,Female,,,
vtiltb3,Vidovic,Tilt,Non-binary,,,
bmompessonb4,Brigham,Mompesson,Male,,,
mmaltbyb5,Marlin,Maltby,Male,,,
hbaughnb6,Hersh,Baughn,Male,,,
dpoddb7,Dennis,Podd,Male,,,
afoottitb8,Antonia,Foottit,Female,,,
ngiannazzob9,Norbert,Giannazzo,Male,,,
epenhalurickba,Elwira,Penhalurick,Female,,,
tsimysonbb,Teodoro,Simyson,Male,,,
shakenbc,Shannon,Haken,Bigender,,,
dcoobd,Dasie,Coo,Female,,,
alanebe,Adi,Lane,Female,,,
hbillingebf,Honor,Billinge,Female,,,
mwebburnbg,Merwyn,Webburn,Male,,,
zhardernbh,Zollie,Hardern,Male,,,
dmationbi,Dew,Mation,Male,,,
llomondbj,Letty,Lomond,Female,,,
jcaseribk,Janene,Caseri,Agender,,,
kcubuzzibl,Kayne,Cubuzzi,Male,,,
nszabobm,Nellie,Szabo,Female,,,
gmacfadyenbn,Gaven,MacFadyen,Male,,,
pgodlontonbo,Patrice,Godlonton,Female,,,
twaltonbp,Tan,Walton,Male,,,
ddanskinebq,Dian,Danskine,Female,,,
earchboldbr,Ellette,Archbold,Female,,,
cstredderbs,Correy,Stredder,Female,,,
amckeowonbt,Allyn,McKeowon,Female,,,
kmillsombu,Kiri,Millsom,Female,,,
lciobutarubv,Lurette,Ciobutaru,Female,,,
cabramovitzbw,Celesta,Abramovitz,Female,,,
fbrotherhedbx,Fredek,Brotherhed,Male,,,
lqueenby,Leeland,Queen,Male,,,
saudasbz,Salem,Audas,Agender,,,
mhuyhtonc0,Moreen,Huyhton,Female,,,
cbrashierc1,Cary,Brashier,Female,,,
sfilbyc2,Scotty,Filby,Male,,,
scowiec3,Sheffy,Cowie,Male,,,
lpichmannc4,Laura,Pichmann,Female,,,
hrecordsc5,Hanson,Records,Male,,,
jtrolleyc6,Justin,Trolley,Male,,,
mfoldesc7,Micheline,Foldes,Female,,,
bcapaldic8,Bernardine,Capaldi,Female,,,
mcorderoc9,Merrill,Cordero,Female,,,
rmcgrirlca,Rosalind,McGrirl,Female,,,
gdanbyecb,Gale,Danbye,Female,,,
dridehalghcc,Desmond,Ridehalgh,Male,,,
hdomesdaycd,Harris,Domesday,Male,,,
pfuttyce,Prudy,Futty,Female,,,
gjorckecf,Gerladina,Jorcke,Female,,,
pjamarycg,Pietro,Jamary,Male,,,
rmonganch,Raina,Mongan,Female,,,
kmuglestonci,Katya,Mugleston,Female,,,
lkernleycj,Lucia,Kernley,Female,,,
ahubnerck,Adelind,Hubner,Female,,,
tluppittcl,Trumann,Luppitt,Male,,,
lmarchantcm,Loralie,Marchant,Female,,,
sheasleycn,Sal,Heasley,Female,,,
tcayleyco,Tomas,Cayley,Male,,,
mmuzzinicp,Merrie,Muzzini,Female,,,
bfludgatecq,Boyce,Fludgate,Male,,,
jspreagcr,Jewel,Spreag,Female,,,
adoddemeedecs,Adiana,Doddemeede,Female,,,
deagerct,Doralynne,Eager,Female,,,
aduttoncu,Amerigo,Dutton,Male,,,
jroothamcv,Justinian,Rootham,Male,,,
knaptoncw,Karoly,Napton,Male,,,
dstockercx,Darell,Stocker,Female,,,
ralkinscy,Rosemaria,Alkins,Female,,,
sgilburtcz,Sauncho,Gilburt,Male,,,
zpachtad0,Zach,Pachta,Genderfluid,,,
ogiottinid1,Oliviero,Giottini,Male,,,
bwhillockd2,Betteanne,Whillock,Female,,,
claxed3,Charis,Laxe,Female,,,
tpalfreyd4,Tedmund,Palfrey,Male,,,
jcauseyd5,Jody,Causey,Male,,,
calvesd6,Cully,Alves,Male,,,
jcoghlind7,Jania,Coghlin,Female,,,
spitchersd8,Solly,Pitchers,Male,,,
cbatsfordd9,Clementius,Batsford,Male,,,
csabbanda,Camile,Sabban,Female,,,
ocollinsondb,Orv,Collinson,Male,,,
svansalzbergerdc,Sioux,Van Salzberger,Female,,,
owilliamsondd,Osmond,Williamson,Male,,,
epinchende,Edita,Pinchen,Female,,,
pwickeydf,Pearl,Wickey,Female,,,
ttoffanodg,Teddie,Toffano,Female,,,
gshillitodh,Georgeanne,Shillito,Female,,,
tgruczkadi,Tess,Gruczka,Female,,,
cadamsondj,Chet,Adamson,Male,,,
ctaylerdk,Cull,Tayler,Male,,,
ehawkinsdl,Ethelin,Hawkins,Female,,,
jloxtondm,Judas,Loxton,Male,,,
astubbesdn,Ashely,Stubbes,Female,,,
tthornleydo,Tim,Thornley,Female,,,
ygyedp,Yorke,Gye,Male,,,
cminifiedq,Cybill,Minifie,Female,,,
kfoandr,Kristos,Foan,Male,,,
agoodsalds,Ashly,Goodsal,Female,,,
hickovicdt,Helyn,Ickovic,Female,,,
ceckerydu,Chick,Eckery,Male,,,
cdupreedv,Colver,Dupree,Male,,,
hsimonitedw,Hector,Simonite,Male,,,
scroserdx,Seth,Croser,Male,,,
gmichelledy,Gerhard,Michelle,Male,,,
ksonnerdz,Kylie,Sonner,Female,,,
wshalcrase0,Wilhelm,Shalcras,Male,,,
vplascotte1,Verene,Plascott,Polygender,,,
bderuggieroe2,Blakeley,De Ruggiero,Female,,,
lmorphete3,Langston,Morphet,Male,,,
araynarde4,Alla,Raynard,Female,,,
pphillinse5,Pren,Phillins,Male,,,
ecluese6,Elyse,Clues,Female,,,
gpfaffe7,Golda,Pfaff,Female,,,
esande8,Ellene,Sand,Genderqueer,,,
ehadlande9,Enid,Hadland,Female,,,
fyokleyea,Francisca,Yokley,Female,,,
sperrotteteb,Silvan,Perrottet,Male,,,
ksolleyec,Kleon,Solley,Male,,,
blamartineed,Bartie,Lamartine,Male,,,
tbradbeeree,Tiffani,Bradbeer,Female,,,
obevisef,Orelia,Bevis,Female,,,
eglindeeg,Emmalynn,Glinde,Female,,,
whoffeh,Whitaker,Hoff,Polygender,,,
gmateescuei,Gunner,Mateescu,Male,,,
obrobakej,Orion,Brobak,Male,,,
yedmundsonek,Yule,Edmundson,Male,,,
hstedellel,Hurley,Stedell,Male,,,
rwimletem,Robbin,Wimlet,Female,,,
idanaharen,Ingra,Danahar,Male,,,
cmarlandeo,Cammi,Marland,Female,,,
mrustedgeep,Mata,Rustedge,Male,,,
mcoattseq,Maximo,Coatts,Genderfluid,,,
krainvilleer,Keelby,Rainville,Male,,,
pschoaleses,Pauline,Schoales,Female,,,
alargenet,Abie,Largen,Male,,,
plendeneu,Pete,Lenden,Male,,,
msheersev,Margit,Sheers,Female,,,
imaunsellew,Ilse,Maunsell,Female,,,
amacfaydenex,Ange,MacFayden,Male,,,
kgrowyey,Kylie,Growy,Male,,,
uockleshawez,Ursola,Ockleshaw,Female,,,
pmaddersf0,Pancho,Madders,Male,,,
bquadrif1,Blair,Quadri,Female,,,
cyushankinf2,Carolee,Yushankin,Female,,,
sharrinsonf3,Seumas,Harrinson,Male,,,
lzuanazzif4,Lexy,Zuanazzi,Female,,,
lgrelikf5,Leland,Grelik,Female,,,
mheintschf6,Melissa,Heintsch,Female,,,
mivettf7,Mitchael,Ivett,Male,,,
hhardimanf8,Hermione,Hardiman,Bigender,,,
wmeridaf9,Web,Merida,Male,,,
tbilbyfa,Turner,Bilby,Male,,,
rrevettfb,Royall,Revett,Male,,,
smusgrovefc,Stephannie,Musgrove,Female,,,
mginnellfd,Marcellina,Ginnell,Female,,,
mmcdoualfe,Margaux,McDoual,Female,,,
shartwrightff,Stepha,Hartwright,Genderfluid,,,
mstoppardfg,Marijo,Stoppard,Female,,,
kraviliousfh,Krissy,Ravilious,Female,,,
vfonsofi,Vincents,Fonso,Male,,,
dspekefj,Dotty,Speke,Female,,,
ablaycockfk,Anabal,Blaycock,Female,,,
bdreinanfl,Burton,Dreinan,Male,,,
wmatissofffm,Waldon,Matissoff,Male,,,
vlodewickfn,Violante,Lodewick,Female,,,
bsteinerfo,Baldwin,Steiner,Male,,,
jmoortonfp,Jock,Moorton,Male,,,
mstolworthyfq,Misti,Stolworthy,Non-binary,,,
adiamantfr,Addie,Diamant,Non-binary,,,
jhearonfs,Joyann,Hearon,Female,,,
kdomenicift,Kipper,Domenici,Male,,,
hedisfu,Hurleigh,Edis,Male,,,
dkannfv,Dylan,Kann,Male,,,
abodicumfw,Athene,Bodicum,Female,,,
lstephensfx,Leonore,Stephens,Female,,,
zpassbyfy,Zolly,Passby,Male,,,
herleyfz,Hercule,Erley,Male,,,
ghanningg0,Gae,Hanning,Female,,,
pghidolig1,Patrizius,Ghidoli,Male,,,
ohannong2,Orrin,Hannon,Male,,,
fwhereatg3,Flore,Whereat,Female,,,
iturng4,Iona,Turn,Female,,,
cstangoeg5,Chrystel,Stangoe,Agender,,,
zdaringtong6,Zorine,Darington,Female,,,
hdomonig7,Hugo,Domoni,Male,,,
gmillamg8,Galen,Millam,Male,,,
lcayetg9,Latrina,Cayet,Genderfluid,,,
nmacgillespiega,Neysa,MacGillespie,Female,,,
zsagersongb,Zenia,Sagerson,Female,,,
cwiddallgc,Corabelle,Widdall,Female,,,
fcroysdalegd,Free,Croysdale,Male,,,
abattge,Alysa,Batt,Polygender,,,
efillarygf,Errick,Fillary,Male,,,
bbarbaragg,Baxie,Barbara,Male,,,
hreddgh,Henri,Redd,Male,,,
gottosengi,Gretel,Ottosen,Female,,,
abaldingj,Angelle,Baldin,Female,,,
cwinspearegk,Cristionna,Winspeare,Female,,,
recclestonegl,Robbert,Ecclestone,Male,,,
gmccahillgm,Gale,McCahill,Female,,,
dscholfieldgn,Doro,Scholfield,Female,,,
alanghamgo,Andras,Langham,Male,,,
rantonignettigp,Rudiger,Antonignetti,Male,,,
sblodggq,Salmon,Blodg,Male,,,
mwilsteadgr,Margie,Wilstead,Female,,,
tantengs,Terese,Anten,Female,,,
ggregoracigt,Genna,Gregoraci,Genderqueer,,,
crembrandtgu,Clyde,Rembrandt,Male,,,
jaddicottgv,Jo,Addicott,Female,,,
hkemsleygw,Hilario,Kemsley,Male,,,
mbrasnergx,Madelene,Brasner,Female,,,
lmillichipgy,Laurens,Millichip,Male,,,
snastgz,Sascha,Nast,Female,,,
pmeinekenh0,Paolo,Meineken,Male,,,
fzanreh1,Flossi,Zanre,Female,,,
spennonih2,Shaun,Pennoni,Female,,,
ballenderh3,Blakeley,Allender,Female,,,
apulhosterh4,Alasdair,Pulhoster,Male,,,
jblackaderh5,Jaquelin,Blackader,Female,,,
vmoppetth6,Vinnie,Moppett,Female,,,
bpaunceforth7,Brock,Pauncefort,Male,,,
joxbrowh8,Joanna,Oxbrow,Female,,,
kfynnh9,Kimball,Fynn,Genderqueer,,,
rbartsha,Rosemonde,Barts,Female,,,
wkesterhb,Winonah,Kester,Female,,,
nmclainehc,Nil,McLaine,Male,,,
kgillingwaterhd,Kele,Gillingwater,Male,,,
obrigstockhe,Odette,Brigstock,Female,,,
dwhiffhf,Dav,Whiff,Male,,,
jgiblinghg,Jeanie,Gibling,Female,,,
lthornleyhh,Lorilyn,Thornley,Female,,,
cjarryhi,Corrina,Jarry,Female,,,
mtrowhj,Maureene,Trow,Female,,,
mdaunceyhk,Mitch,Dauncey,Male,,,
bcholominhl,Bernardo,Cholomin,Male,,,
gniavehm,Giselle,Niave,Genderfluid,,,
mwilprechthn,Marketa,Wilprecht,Female,,,
glygoho,Gerick,Lygo,Male,,,
fwattersonhp,Faina,Watterson,Female,,,
rhuntinghq,Rabi,Hunting,Male,,,
glampkinhr,Garvin,Lampkin,Male,,,
jbartolomeonihs,Jodee,Bartolomeoni,Female,,,
sfergusonht,Scotti,Ferguson,Male,,,
bpuddephatthu,Bruis,Puddephatt,Male,,,
ldussyhv,Lilli,Dussy,Female,,,
rknuttonhw,Raf,Knutton,Female,,,
lmoscohx,Leontyne,Mosco,Agender,,,
abramelthy,Andrus,Bramelt,Male,,,
cmcasterhz,Cherise,McAster,Female,,,
hfilipyevi0,Hector,Filipyev,Male,,,
kschoenleiteri1,Kellyann,Schoenleiter,Genderqueer,,,
psemblei2,Percy,Semble,Polygender,,,
rsabathei3,Ronica,Sabathe,Female,,,
voffeni4,Vinny,Offen,Male,,,
daitkeni5,Darell,Aitken,Bigender,,,
vfitzgeraldi6,Vernor,Fitzgerald,Male,,,
gaberdalgyi7,Gene,Aberdalgy,Female,,,
sgagesi8,Sid,Gages,Male,,,
rstanmorei9,Rudie,Stanmore,Male,,,
lreignouldia,Leslie,Reignould,Male,,,
fsibthorpib,Freedman,Sibthorp,Male,,,
stroilletic,Salim,Troillet,Male,,,
ecarousid,Estel,Carous,Female,,,
astarrsie,Ariella,Starrs,Female,,,
ndugdaleif,Noll,Dugdale,Male,,,
avielig,Ailyn,Viel,Female,,,
tmaidmentih,Ted,Maidment,Male,,,
gpalferyii,Gearard,Palfery,Male,,,
bforsdickeij,Briant,Forsdicke,Bigender,,,
rpeardeik,Rodd,Pearde,Male,,,
ehazardil,Elise,Hazard,Female,,,
amichelmoreim,Alastair,Michelmore,Non-binary,,,
cblunsomin,Catharine,Blunsom,Female,,,
gmaseresio,Goldina,Maseres,Female,,,
cduerip,Cecilio,Duer,Male,,,
ccrumbyiq,Chanda,Crumby,Female,,,
rkieranir,Rutledge,Kieran,Male,,,
sgoldsbyis,Sydney,Goldsby,Female,,,
eswiggsit,Evangeline,Swiggs,Female,,,
jkikeiu,Jose,Kike,Polygender,,,
agegayiv,Abram,Gegay,Male,,,
nrushsorthiw,Nedda,Rushsorth,Female,,,
blitherboroughix,Benjamen,Litherborough,Male,,,
rturbayneiy,Robbert,Turbayne,Male,,,
pmoylaniz,Pierce,Moylan,Male,,,
aradbondj0,Alexine,Radbond,Female,,,
qcaylej1,Quinta,Cayle,Female,,,
adiemerj2,Alvy,Diemer,Male,,,
fcumbridgej3,Friedrich,Cumbridge,Male,,,
pinglestonj4,Peta,Ingleston,Female,,,
kcurtaynej5,Kylie,Curtayne,Female,,,
tnichollsj6,Tremayne,Nicholls,Agender,,,
bbetteneyj7,Brien,Betteney,Male,,,
bsnellej8,Barret,Snelle,Male,,,
cboothbyj9,Clayborne,Boothby,Male,,,
gfarnanja,Ginnifer,Farnan,Female,,,
honearyjb,Hilary,O'Neary,Male,,,
whoylandjc,Wynny,Hoyland,Female,,,
vocrevanjd,Vaughn,O'Crevan,Non-binary,,,
kstrattanje,Kincaid,Strattan,Male,,,
dfaccinijf,Daphene,Faccini,Female,,,
rgrelkajg,Ralph,Grelka,Male,,,
dhartrightjh,Datha,Hartright,Female,,,
wrosterneji,Whitney,Rosterne,Female,,,
cmewhajj,Creighton,Mewha,Male,,,
whaddenjk,Wilek,Hadden,Male,,,
mkinnettjl,Merrile,Kinnett,Female,,,
nduinbletonjm,Nicoline,Duinbleton,Female,,,
cdesboroughjn,Cassie,Desborough,Male,,,
yselbachjo,Yehudi,Selbach,Male,,,
vfoucherjp,Vidovik,Foucher,Male,,,
vvizejq,Vicki,Vize,Bigender,,,
ffilipczakjr,Florrie,Filipczak,Agender,,,
nsherebrookejs,Nataniel,Sherebrooke,Male,,,
emiddasjt,Ev,Middas,Male,,,
bparhamju,Bertrando,Parham,Male,,,
mamottjv,Minette,Amott,Female,,,
sdillicatejw,Sayre,Dillicate,Genderfluid,,,
pdelayglesiajx,Prisca,De la Yglesia,Genderfluid,,,
mwooffjy,Min,Wooff,Female,,,
siredalejz,Sandie,Iredale,Female,,,
mhitscherk0,Marlon,Hitscher,Male,,,
gdrewsk1,Grazia,Drews,Female,,,
agrollk2,Axe,Groll,Male,,,
rcastiglionik3,Roderigo,Castiglioni,Male,,,
gfrazierk4,Glad,Frazier,Female,,,
kheindrichk5,Kit,Heindrich,Male,,,
jblackwellk6,Jasen,Blackwell,Male,,,
aneliusk7,Arne,Nelius,Male,,,
cjacqueminotk8,Cullin,Jacqueminot,Male,,,
dfliegerk9,Debby,Flieger,Female,,,
ekornilovka,Elinore,Kornilov,Female,,,
rboyallkb,Rayna,Boyall,Female,,,
bgrinnellkc,Bartholemy,Grinnell,Male,,,
jdovekd,Jaime,Dove,Male,,,
dwolfendellke,Dona,Wolfendell,Female,,,
tcorkelkf,Tanny,Corkel,Male,,,
aandrzejczakkg,Angelique,Andrzejczak,Female,,,
garborkh,Gussie,Arbor,Female,,,
dtheyerki,Darn,Theyer,Male,,,
rohdirscollkj,Rolland,O'Hdirscoll,Male,,,
gskrzynskikk,Giovanna,Skrzynski,Female,,,
sgannonkl,Saundra,Gannon,Male,,,
amechemkm,Alfredo,Mechem,Genderfluid,,,
jbaruskn,Johnna,Barus,Female,,,
cbyrneko,Corbie,Byrne,Male,,,
epicottkp,Emilee,Picott,Female,,,
tkeaveneykq,Trip,Keaveney,Male,,,
amingardkr,Allis,Mingard,Female,,,
adinnegesks,Ambur,Dinneges,Female,,,
jstagkt,Junina,Stag,Female,,,
hstegglesku,Hillyer,Steggles,Male,,,
esullerkv,Elroy,Suller,Genderfluid,,,
cfaynekw,Constantino,Fayne,Genderqueer,,,
mwalkinshawkx,Marilee,Walkinshaw,Female,,,
lfintophky,Leslie,Fintoph,Female,,,
btouzeykz,Bone,Touzey,Male,,,
wpeersl0,Wally,Peers,Male,,,
gmccaheyl1,Glen,Mc Cahey,Bigender,,,
dsambalsl2,Dorita,Sambals,Female,,,
kferensl3,Kory,Ferens,Male,,,
jgossipinl4,Janelle,Gossipin,Female,,,
bmacafeel5,Blondelle,MacAfee,Female,,,
qjosuml6,Quinlan,Josum,Non-binary,,,
swoodyearl7,Susanna,Woodyear,Female,,,
amciloryl8,Artemus,Mc Ilory,Male,,,
bstiggersl9,Berny,Stiggers,Male,,,
dvanla,Dedie,Van,Female,,,
madcockslb,Melva,Adcocks,Female,,,
lrzehorlc,Lurlene,Rzehor,Female,,,
jmcquaideld,Juana,McQuaide,Female,,,
woliffle,Wain,Oliff,Male,,,
msinclairelf,Marybelle,Sinclaire,Female,,,
nclappisonlg,Nanete,Clappison,Female,,,
bforsdickelh,Brandise,Forsdicke,Female,,,
heslandli,Holly,Esland,Male,,,
ocroftslj,Oriana,Crofts,Female,,,
mbolstridgelk,Myriam,Bolstridge,Female,,,
rraltonll,Rora,Ralton,Female,,,
jflecknoelm,Jacintha,Flecknoe,Female,,,
djacobbeln,Dion,Jacobbe,Male,,,
cbackelo,Charis,Backe,Female,,,
sdoneldlp,Sisely,Doneld,Female,,,
mbackshalllq,Michale,Backshall,Male,,,
djerzyklr,Domenic,Jerzyk,Male,,,
dtourvillels,Danya,Tourville,Male,,,
mbloislt,Maryanne,Blois,Female,,,
dyannikovlu,Donella,Yannikov,Female,,,
rclaybournelv,Robin,Claybourne,Male,,,
vnormavillelw,Valli,Normaville,Agender,,,
fwoollinlx,Fleming,Woollin,Male,,,
ashillitoly,Aland,Shillito,Male,,,
piskowitzlz,Pen,Iskowitz,Male,,,
dlandym0,Durante,Landy,Genderfluid,,,
bbolstridgem1,Brit,Bolstridge,Female,,,
imundiem2,Ingunna,Mundie,Female,,,
rtaudevinm3,Ricardo,Taudevin,Male,,,
nelstubm4,Niel,Elstub,Male,,,
acrangm5,Augustina,Crang,Female,,,
mmcgivenm6,Meta,McGiven,Female,,,
vwigelsworthm7,Vyky,Wigelsworth,Female,,,
mbeehom8,Maurie,Beeho,Male,,,
jpretom9,Jermaine,Preto,Male,,,
gblazama,Gino,Blaza,Male,,,
nhenkensmb,Nora,Henkens,Female,,,
tgirckemc,Timmy,Gircke,Male,,,
hciccottimd,Henrie,Ciccotti,Female,,,
tmateime,Tawnya,Matei,Female,,,
tsabinmf,Trevar,Sabin,Male,,,
efifootmg,Ev,Fifoot,Male,,,
gpeekemh,Grady,Peeke,Male,,,
iprandimi,Idaline,Prandi,Genderqueer,,,
lshoemarkmj,Lesley,Shoemark,Female,,,
gkondratenkomk,Gilligan,Kondratenko,Female,,,
vralphsml,Vilma,Ralphs,Polygender,,,
ewypermm,Emmett,Wyper,Genderfluid,,,
gwardhawmn,Gaston,Wardhaw,Male,,,
pteazmo,Peter,Teaz,Male,,,
ecleallmp,Ebonee,Cleall,Female,,,
nbooelnmq,Neill,Booeln,Male,,,
cdurstonmr,Corri,Durston,Female,,,
ebiddwellms,Emmy,Biddwell,Male,,,
falbrookmt,Fiorenze,Albrook,Female,,,
sjordenmu,Shayla,Jorden,Female,,,
gembersonmv,Gerald,Emberson,Male,,,
mtallonmw,My,Tallon,Male,,,
dchealemx,Dev,Cheale,Male,,,
ckirsoppmy,Crin,Kirsopp,Female,,,
aflaxmanmz,Algernon,Flaxman,Male,,,
jdandrean0,Jesse,D'Andrea,Female,,,
gheinekenn1,Giana,Heineken,Female,,,
nbenkon2,Nicki,Benko,Bigender,,,
xkarpmannn3,Xymenes,Karpmann,Male,,,
cmatejovskyn4,Clari,Matejovsky,Female,,,
famnern5,Filia,Amner,Female,,,
lstogglesn6,Lorenza,Stoggles,Female,,,
slegassickn7,Staford,Le Gassick,Male,,,
cketteln8,Cristiano,Kettel,Male,,,
vpettefordn9,Viole,Petteford,Agender,,,
pnarupna,Paul,Narup,Male,,,
tbaylenb,Theodor,Bayle,Male,,,
lashenhurstnc,Lucina,Ashenhurst,Female,,,
asullandnd,Arleyne,Sulland,Female,,,
jbudcockne,Jo ann,Budcock,Female,,,
trycraftnf,Tess,Rycraft,Female,,,
srosenvasserng,Silvie,Rosenvasser,Non-binary,,,
baucoatenh,Bob,Aucoate,Male,,,
nbocockni,Nessi,Bocock,Female,,,
gpepyenj,Giffie,Pepye,Male,,,
cmacmichaelnk,Chrotoem,MacMichael,Male,,,
mpepinl,Myer,Pepi,Male,,,
pguitonnm,Peder,Guiton,Male,,,
bcrumptonnn,Ban,Crumpton,Male,,,
glicquorishno,Geoffrey,Licquorish,Male,,,
kmcgaugheynp,Kellyann,McGaughey,Female,,,
dwestwellnq,Daniel,Westwell,Genderqueer,,,
jfellowsnr,Joelle,Fellows,Female,,,
hneumannns,Hugo,Neumann,Male,,,
bvarleynt,Belvia,Varley,Non-binary,,,
thoutbienu,Tadd,Houtbie,Male,,,
cdaviotnv,Cyril,Daviot,Male,,,
xfilinkovnw,Ximenez,Filinkov,Male,,,
scammishnx,Sadye,Cammish,Female,,,
tgabbotny,Tammie,Gabbot,Male,,,
mcastanaresnz,Marillin,Castanares,Female,,,
llaurentinoo0,Lilla,Laurentino,Female,,,
klorenzettoo1,Kitti,Lorenzetto,Female,,,
agrouto2,Arch,Grout,Male,,,
cbenedidicko3,Celestyna,Benedidick,Female,,,
rgreenlando4,Rhett,Greenland,Male,,,
seteeno5,Sinclare,Eteen,Male,,,
cjoddinso6,Carlos,Joddins,Male,,,
frumenso7,Fair,Rumens,Male,,,
dlinklatero8,Dorita,Linklater,Female,,,
rgasso9,Rubin,Gass,Male,,,
eleiloa,Eolanda,Leil,Non-binary,,,
plippettob,Pammi,Lippett,Female,,,
tmacilhargyoc,Tawsha,MacIlhargy,Female,,,
jbutterickod,Jessee,Butterick,Male,,,
rhapgoodoe,Roselin,Hapgood,Female,,,
bmanhareof,Brittan,Manhare,Female,,,
jkleinertog,Johann,Kleinert,Male,,,
lrabbageoh,Lonee,Rabbage,Female,,,
rampsoi,Reiko,Amps,Female,,,
mpattemoreoj,Marchall,Pattemore,Genderqueer,,,
eanderbruggeok,Elfie,Anderbrugge,Female,,,
hnassauol,Halsy,Nassau,Male,,,
sthirlwellom,Shepard,Thirlwell,Male,,,
vmeyson,Vickie,Meys,Female,,,
elatchoo,Ethe,Latch,Male,,,
wmiguetop,Willie,Miguet,Male,,,
tdarkottoq,Thaine,Darkott,Male,,,
bakisteror,Berkeley,Akister,Male,,,
fokellos,Franzen,Okell,Male,,,
chogbourneot,Candis,Hogbourne,Female,,,
kgreenstedou,Kim,Greensted,Male,,,
lgoakesov,Leonora,Goakes,Female,,,
msuddabyow,Munmro,Suddaby,Male,,,
lrodgmanox,Ladonna,Rodgman,Female,,,
lrowoy,Lira,Row,Genderfluid,,,
odoggoz,Orazio,Dogg,Bigender,,,
aharewoodp0,Armand,Harewood,Male,,,
tfollissp1,Taryn,Folliss,Non-binary,,,
bmatthissonp2,Barny,Matthisson,Genderfluid,,,
hhecklep3,Huey,Heckle,Male,,,
rdeverickp4,Richy,Deverick,Male,,,
cgladdolphp5,Clemmie,Gladdolph,Bigender,,,
jhindgep6,Jody,Hindge,Male,,,
hinnmanp7,Homere,Innman,Genderqueer,,,
dculshewp8,Devora,Culshew,Female,,,
vewestacep9,Venita,Ewestace,Female,,,
jgoginpa,Jameson,Gogin,Male,,,
cconeybeerpb,Coleman,Coneybeer,Agender,,,
ggrandinpc,Goldina,Grandin,Female,,,
beilhartpd,Brenda,Eilhart,Female,,,
vgabbattpe,Vick,Gabbatt,Male,,,
tclampepf,Tressa,Clampe,Female,,,
wbrightmanpg,Waylan,Brightman,Male,,,
omcdougleph,Olenolin,McDougle,Male,,,
bskentelberypi,Bamby,Skentelbery,Female,,,
lfavillpj,Lenore,Favill,Female,,,
gmottershawpk,Germaine,Mottershaw,Bigender,,,
bshorthousepl,Belicia,Shorthouse,Female,,,
ttrusepm,Tammara,Truse,Female,,,
mgatchelpn,Martguerita,Gatchel,Female,,,
dcammiemilepo,Dinnie,Cammiemile,Female,,,
gscatchardpp,Griswold,Scatchard,Male,,,
lruddockpq,Luca,Ruddock,Male,,,
estonallpr,Ellsworth,Stonall,Male,,,
vmccurrieps,Vaughan,McCurrie,Male,,,
sscottipt,Simonne,Scotti,Female,,,
stemplepu,Sven,Temple,Male,,,
kmacmasterpv,Kayla,MacMaster,Female,,,
lkohterpw,Lira,Kohter,Female,,,
bcruikshankpx,Brande,Cruikshank,Female,,,
cdooheypy,Constancy,Doohey,Female,,,
tbesantiepz,Tull,Besantie,Male,,,
ggrugerrq0,Guthrey,Grugerr,Male,,,
rdelmonteq1,Rebeka,Del Monte,Female,,,
dclewq2,Darill,Clew,Male,,,
atwyningq3,Arnie,Twyning,Male,,,
rpridhamq4,Robbie,Pridham,Male,,,
jliddleq5,Jaquenette,Liddle,Female,,,
wpeetq6,Warden,Peet,Male,,,
mgarvillq7,Morgen,Garvill,Male,,,
akieldq8,Adria,Kield,Female,,,
clindlq9,Carlie,Lindl,Male,,,
fmouthqa,Farrell,Mouth,Male,,,
dbwyqb,Domenic,Bwy,Male,,,
ebattisonqc,Eugenio,Battison,Male,,,
zwaskettqd,Zebulon,Waskett,Male,,,
siddensqe,Selina,Iddens,Female,,,
mspanswickqf,Mariquilla,Spanswick,Female,,,
dtrodlerqg,Diego,Trodler,Male,,,
rlettsonqh,Rhea,Lettson,Female,,,
rguillotonqi,Rori,Guilloton,Female,,,
dfaudrieqj,Dene,Faudrie,Male,,,
dmattusovqk,Domenico,Mattusov,Genderqueer,,,
ematthesiusql,Emilie,Matthesius,Female,,,
ajostqm,Asia,Jost,Female,,,
shadcockqn,Shaylynn,Hadcock,Female,,,
challumqo,Carmelia,Hallum,Female,,,
ralleboneqp,Rochell,Allebone,Female,,,
bflaubertqq,Burk,Flaubert,Male,,,
nlimpkinqr,Nickie,Limpkin,Male,,,
lleveretteqs,Lettie,Leverette,Female,,,
vtomkinsqt,Virgil,Tomkins,Male,,,
zsolanoqu,Zechariah,Solano,Male,,,
lsacksqv,Laurette,Sacks,Female,,,
jjollieqw,Joshuah,Jollie,Male,,,
twoodyeareqx,Tamar,Woodyeare,Female,,,
dminichilloqy,Derrick,Minichillo,Male,,,
bwoolandqz,Borg,Wooland,Male,,,
ctincomber0,Collin,Tincombe,Male,,,
alaweer1,Antonia,Lawee,Female,,,
mkelcherr2,Muire,Kelcher,Female,,,
gmunslowr3,Grissel,Munslow,Female,,,
escholter4,Estel,Scholte,Female,,,
csenechellr5,Corette,Senechell,Female,,,
tstockellr6,Trixy,Stockell,Agender,,,
kpamplinr7,Kaylil,Pamplin,Female,,,
snewbiggingr8,Sherlocke,Newbigging,Male,,,
framelr9,Freddi,Ramel,Female,,,
kvoakra,Kaleena,Voak,Female,,,
riannuzzirb,Ronica,Iannuzzi,Female,,,
tlepiscopirc,Timothy,L'Episcopi,Male,,,
fschurickerd,Franz,Schuricke,Male,,,
rwanjekre,Ree,Wanjek,Female,,,
lblowingrf,Lena,Blowing,Female,,,
bmcvierg,Brose,McVie,Male,,,
fgreenwellrh,Francisca,Greenwell,Female,,,
cackroydri,Carolin,Ackroyd,Female,,,
flysterrj,Fay,Lyster,Female,,,
trosenstockrk,Townsend,Rosenstock,Genderfluid,,,
bfeveryearrl,Benny,Feveryear,Male,,,
emuzzillorm,Emlyn,Muzzillo,Male,,,
bweightrn,Brana,Weight,Female,,,
tethingtonro,Tobin,Ethington,Male,,,
jharlerp,Joli,Harle,Female,,,
mmcglaughnrq,Marisa,McGlaughn,Genderfluid,,,
awoolfrr,Alta,Woolf,Female,,,
